[
  {
    "id":1,
    "img":"assets/images/home/serve/recommend/wash1.jpg",
    "title":"皮沙发护理",
    "serve":"不止清洁，更在保养",
    "price":"115元/座起"
  },
  {
    "id":2,
    "img":"assets/images/home/serve/recommend/wash2.jpg",
    "title":"日常保洁",
    "serve":"上面保洁随时约",
    "price":"80元起"
  },
  {
    "id":3,
    "img":"assets/images/home/serve/recommend/wash3.jpg",
    "title":"玻璃清洗",
    "serve":"亮世界・精细擦窗",
    "price":"14/平米起"
  },
  {
    "id":4,
    "img":"assets/images/home/serve/recommend/wash4.jpg",
    "title":"冰箱清洗",
    "serve":"高温蒸汽消毒",
    "price":"140元起"
  },
  {
    "id":5,
    "img":"assets/images/home/serve/recommend/wash5.jpg",
    "title":"洗衣机清洗",
    "serve":"内外洁净，高温蒸洗消毒内外洁净，高温蒸洗消毒内外洁净，高温蒸洗消毒内外洁净，高温蒸洗消毒内外洁净，高温蒸洗消毒内外洁净，高温蒸洗消毒",
    "price":"160元起"
  },
  {
    "id":6,
    "img":"assets/images/home/serve/recommend/wash6.jpg",
    "title":"除螨清洁",
    "serve":"有效除螨高达99.99%",
    "price":"498/套起"
  }
]